CommitteeName|CommitteeType|Link|Header|Chair|CoChair|ViceChair|CommitteeClerk|LegislativeCouncilStaff|Members|OtherMembers|Hearings
Senate Committee on Administrative Rules|Senate|http://docs.legis.wisconsin.gov/document/committee/2015/1491|2015 Senate Committee on Administrative Rules|Senator Nass||Senator Lasee; Senator Lasee|Adam Field||Senator LeMahieu; Senator Miller; Senator Harris Dodd||2/17/2016 10:00 AM - Executive Session
Senate Committee on Education Reform (Disbanded 8-28-15)|Senate|http://docs.legis.wisconsin.gov/document/committee/2015/1480|2015 Senate Committee on Education Reform (Disbanded 8-28-15)|||Senator Harsdorf; Senator Harsdorf||Katie Bender-Olson; Jessica Ozalp|Senator Nass; Senator Harris Dodd; Senator Vinehout||7/15/2015 11:15 AM - Executive Session (Revised); 6/17/2015 11:00 AM - Public Hearing ; 5/28/2015 3:00 PM - Executive Session ; 5/7/2015 12:00 PM - Public Hearing
Senate Committee on Government Operations and Consumer Protection|Senate|http://docs.legis.wisconsin.gov/document/committee/2015/1481|2015 Senate Committee on Government Operations and Consumer Protection|Senator Stroebel||Senator LeMahieu; Senator LeMahieu|John Soper|Dan Schmidt; Scott Grosz|Senator Kapenga; Senator Harris Dodd; Senator Wirch||3/8/2016 10:00 AM - Executive Session ; 3/2/2016 10:30 AM - Public Hearing ; 2/23/2016 10:00 AM - Executive Session ; 2/12/2016 11:00 AM - Executive Session ; 2/10/2016 12:01 PM - Public Hearing ; 2/10/2016 12:00 PM - Executive Session ; 2/4/2016 10:01 AM - Public Hearing ; 2/4/2016 10:00 AM - Executive Session ; 1/19/2016 11:01 AM - Public Hearing ; 1/19/2016 11:00 AM - Executive Session (Revised); 12/17/2015 12:31 PM - Public Hearing ; 12/17/2015 12:30 PM - Executive Session ; 11/18/2015 10:01 AM - Public Hearing ; 11/18/2015 10:00 AM - Executive Session ; 10/21/2015 2:30 PM - Public Hearing ; 9/10/2015 4:01 PM - Executive Session ; 9/10/2015 4:00 PM - Public Hearing ; 9/8/2015 12:30 PM - Executive Session ; 9/2/2015 1:30 PM - Public Hearing ; 6/3/2015 2:30 PM - Executive Session ; 6/2/2015 1:30 PM - Public Hearing
Senate Committee on Public Benefit and Regulatory Reform|Senate|http://docs.legis.wisconsin.gov/document/committee/2015/1486|2015 Senate Committee on Public Benefit and Regulatory Reform|Senator Kapenga||Senator Harsdorf; Senator Harsdorf||Brian Larson; Margit Kelley|Senator Nass; Senator Miller; Senator Harris Dodd||3/2/2016 9:30 AM - Executive Session ; 1/13/2016 12:01 PM - Executive Session (Revised); 1/13/2016 12:00 PM - Public Hearing (Revised); 10/21/2015 1:01 PM - Executive Session ; 10/21/2015 1:00 PM - Public Hearing ; 10/14/2015 1:00 PM - Public Hearing ; 9/10/2015 1:30 PM - Executive Session (Cancelled); 9/8/2015 2:00 PM - Public Hearing
Senate Committee on Revenue, Financial Institutions and Rural Issues|Senate|http://docs.legis.wisconsin.gov/document/committee/2015/1379|2015 Senate Committee on Revenue, Financial Institutions and Rural Issues|Senator Marklein||Senator Stroebel; Senator Stroebel|Scott Coenen|Zach Ramirez; Brian Larson|Senator Tiffany; Senator Lassa; Senator Ringhand||3/8/2016 9:01 AM - Executive Session ; 3/8/2016 9:00 AM - Public Hearing ; 2/18/2016 10:31 AM - Public Hearing ; 2/18/2016 10:30 AM - Executive Session ; 2/8/2016 2:01 PM - Executive Session ; 2/8/2016 2:00 PM - Public Hearing ; 1/28/2016 10:01 AM - Executive Session (Revised); 1/28/2016 10:00 AM - Public Hearing ; 1/13/2016 2:01 PM - Executive Session ; 1/13/2016 2:00 PM - Public Hearing ; 12/15/2015 2:01 PM - Executive Session ; 12/15/2015 2:00 PM - Public Hearing ; 10/22/2015 10:01 AM - Executive Session ; 10/22/2015 10:00 AM - Public Hearing ; 9/8/2015 1:01 PM - Executive Session ; 9/8/2015 1:00 PM - Public Hearing ; 9/2/2015 10:00 AM - Public Hearing ; 6/3/2015 10:01 AM - Executive Session ; 6/3/2015 10:00 AM - Public Hearing ; 4/29/2015 10:31 AM - Executive Session ; 4/29/2015 10:30 AM - Public Hearing ; 3/31/2015 1:01 PM - Executive Session ; 3/31/2015 1:00 PM - Public Hearing (Revised); 2/19/2015 12:30 PM - Executive Session ; 2/11/2015 12:30 PM - Public Hearing ; 1/22/2015 11:31 AM - Executive Session ; 1/22/2015 11:30 AM - Public Hearing
Senate Committee on Transportation and Veterans Affairs|Senate|http://docs.legis.wisconsin.gov/document/committee/2015/1380|2015 Senate Committee on Transportation and Veterans Affairs|Senator Petrowski||Senator Marklein; Senator Marklein|Derek Punches|Larry Konopacki; David Moore|Senator Cowles; Senator Carpenter; Senator Hansen||3/9/2016 2:00 PM - Executive Session ; 2/17/2016 1:01 PM - Public Hearing ; 2/17/2016 1:00 PM - Executive Session ; 2/4/2016 1:00 PM - Executive Session ; 1/21/2016 10:01 AM - Public Hearing (Revised); 1/21/2016 10:00 AM - Executive Session ; 1/14/2016 10:31 AM - Public Hearing ; 1/14/2016 10:30 AM - Executive Session ; 1/7/2016 11:01 AM - Public Hearing ; 1/7/2016 11:00 AM - Executive Session ; 10/28/2015 10:30 AM - Public Hearing ; 10/13/2015 2:30 PM - Executive Session ; 9/15/2015 2:30 PM - Public Hearing ; 7/8/2015 9:30 AM - Executive Session ; 6/3/2015 9:00 AM - Executive Session ; 5/27/2015 10:31 AM - Executive Session ; 5/27/2015 10:30 AM - Public Hearing ; 4/30/2015 11:01 AM - Executive Session ; 4/30/2015 11:00 AM - Public Hearing ; 4/7/2015 1:31 PM - Public Hearing ; 4/7/2015 1:30 PM - Executive Session ; 3/25/2015 10:00 AM - Public Hearing (Revised); 1/28/2015 1:01 PM - Executive Session ; 1/28/2015 1:00 PM - Public Hearing
Senate Committee on Workforce Development, Public Works, and Military Affairs|Senate|http://docs.legis.wisconsin.gov/document/committee/2015/1381|2015 Senate Committee on Workforce Development, Public Works, and Military Affairs|Senator Roth|||Jason Vick|Jessica Ozalp; Larry Konopacki|Senator Stroebel; Senator C. Larson; Senator Lassa||3/8/2016 10:00 AM - Executive Session ; 3/1/2016 1:00 PM - Public Hearing ; 2/4/2016 9:01 AM - Executive Session ; 2/4/2016 9:00 AM - Public Hearing ; 1/28/2016 10:31 AM - Public Hearing (Revised); 1/28/2016 10:30 AM - Executive Session ; 1/5/2016 11:31 AM - Public Hearing ; 1/5/2016 11:30 AM - Executive Session (Revised); 9/8/2015 1:30 PM - Public Hearing ; 4/22/2015 1:00 PM - Public Hearing ; 1/28/2015 10:00 AM - Public Hearing ; 1/21/2015 2:01 PM - Executive Session ; 1/21/2015 2:00 PM - Public Hearing
Senate Committee on Natural Resources and Energy|Senate|http://docs.legis.wisconsin.gov/document/committee/2015/1378|2015 Senate Committee on Natural Resources and Energy|Senator Cowles||Senator Lasee; Senator Lasee|Jason Mugnaini|Rachel Letzing; Larry Konopacki|Senator Olsen; Senator Miller; Senator Wirch||2/15/2016 9:00 AM - Executive Session ; 2/11/2016 9:01 AM - Executive Session ; 2/11/2016 9:00 AM - Public Hearing (Revised); 2/3/2016 10:01 AM - Public Hearing ; 2/3/2016 10:00 AM - Executive Session ; 1/19/2016 10:01 AM - Public Hearing ; 1/19/2016 10:00 AM - Executive Session ; 1/13/2016 10:01 AM - Executive Session ; 1/13/2016 10:00 AM - Public Hearing ; 1/5/2016 10:01 AM - Executive Session ; 1/5/2016 10:00 AM - Public Hearing ; 12/2/2015 10:00 AM - Public Hearing ; 10/15/2015 11:01 AM - Executive Session ; 10/15/2015 11:00 AM - Public Hearing ; 10/13/2015 10:00 AM - Public Hearing (Revised); 6/2/2015 11:00 AM - Executive Session ; 5/13/2015 10:01 AM - Executive Session ; 5/13/2015 10:00 AM - Public Hearing (Revised); 4/7/2015 10:01 AM - Executive Session ; 4/7/2015 10:00 AM - Public Hearing ; 2/19/2015 9:31 AM - Public Hearing ; 2/19/2015 9:30 AM - Executive Session (Revised); 2/5/2015 10:00 AM - Public Hearing ; 1/29/2015 11:05 AM - Executive Session ; 1/29/2015 11:00 AM - Public Hearing
Senate Committee on Labor and Government Reform|Senate|http://docs.legis.wisconsin.gov/document/committee/2015/1377|2015 Senate Committee on Labor and Government Reform|Senator Nass||Senator Wanggaard; Senator Wanggaard|Mike Mikalsen|Scott Grosz; Mary Matthias|Senator Marklein; Senator Wirch; Senator C. Larson||6/22/2016 1:00 PM - Public Hearing ; 3/9/2016 9:35 AM - Executive Session ; 3/9/2016 9:30 AM - Public Hearing ; 2/12/2016 10:00 AM - Executive Session ; 2/10/2016 9:30 AM - Public Hearing (Revised); 2/4/2016 9:00 AM - Executive Session ; 1/26/2016 10:01 AM - Public Hearing ; 1/26/2016 10:00 AM - Executive Session (Revised); 1/14/2016 9:30 AM - Public Hearing (Revised); 12/10/2015 11:30 AM - Public Hearing ; 10/21/2015 2:35 PM - Executive Session (Revised); 10/21/2015 2:30 PM - Public Hearing ; 10/13/2015 1:35 PM - Executive Session (Revised); 10/13/2015 1:30 PM - Public Hearing (Revised); 10/6/2015 8:30 AM - Public Hearing ; 9/24/2015 10:00 AM - Executive Session ; 9/15/2015 10:00 AM - Public Hearing ; 6/3/2015 1:31 PM - Executive Session ; 6/3/2015 1:30 PM - Public Hearing ; 5/28/2015 10:00 AM - Public Hearing (Revised); 5/7/2015 9:00 AM - Executive Session ; 5/5/2015 8:30 AM - Public Hearing ; 4/30/2015 1:00 PM - Executive Session ; 4/9/2015 9:30 AM - Public Hearing ; 2/24/2015 10:01 AM - Executive Session ; 2/24/2015 10:00 AM - Public Hearing ; 1/21/2015 10:01 AM - Executive Session (Revised); 1/21/2015 10:00 AM - Public Hearing (Revised)
Senate Committee on Judiciary and Public Safety|Senate|http://docs.legis.wisconsin.gov/document/committee/2015/1376|2015 Senate Committee on Judiciary and Public Safety|Senator Wanggaard||Senator Vukmir; Senator Vukmir|Valirie Maxim|David Moore; Michael Queensland|Senator Lasee; Senator Risser; Senator L. Taylor||3/9/2016 12:00 PM - Executive Session ; 3/2/2016 10:00 AM - Public Hearing ; 3/1/2016 10:00 AM - Public Hearing ; 2/15/2016 12:00 PM - Executive Session (Revised); 2/11/2016 10:00 AM - Executive Session (Revised); 2/4/2016 10:01 AM - Public Hearing (Revised); 2/4/2016 10:00 AM - Executive Session ; 2/1/2016 9:01 AM - Public Hearing ; 2/1/2016 9:00 AM - Executive Session (Revised); 1/27/2016 1:01 PM - Public Hearing ; 1/27/2016 1:00 PM - Executive Session (Revised); 1/13/2016 11:01 AM - Public Hearing (Revised); 1/13/2016 11:00 AM - Executive Session (Revised); 1/7/2016 12:30 PM - Public Hearing ; 1/7/2016 10:01 AM - Executive Session ; 1/7/2016 10:00 AM - Public Hearing (Revised); 12/16/2015 10:01 AM - Public Hearing ; 12/16/2015 10:00 AM - Executive Session ; 11/24/2015 10:00 AM - Public Hearing (Revised); 10/28/2015 10:01 AM - Executive Session ; 10/28/2015 10:00 AM - Public Hearing ; 10/22/2015 10:01 AM - Public Hearing ; 10/22/2015 10:00 AM - Executive Session ; 10/1/2015 12:30 PM - Public Hearing ; 9/10/2015 10:30 AM - Executive Session (Revised); 9/10/2015 10:00 AM - Public Hearing ; 9/1/2015 1:30 PM - Public Hearing ; 8/20/2015 10:30 AM - Public Hearing ; 6/24/2015 10:00 AM - Public Hearing (Cancelled); 6/4/2015 10:00 AM - Executive Session (Revised); 6/2/2015 10:00 AM - Public Hearing (Revised); 5/20/2015 12:00 PM - Public Hearing ; 4/28/2015 11:00 AM - Executive Session ; 4/23/2015 10:01 AM - Executive Session ; 4/23/2015 10:00 AM - Public Hearing (Revised); 3/24/2015 1:00 PM - Public Hearing ; 3/12/2015 1:30 PM - Executive Session ; 3/11/2015 10:01 AM - Executive Session ; 3/11/2015 10:00 AM - Public Hearing ; 2/18/2015 1:30 PM - Executive Session (Revised); 2/11/2015 10:01 AM - Executive Session ; 2/11/2015 10:01 AM - Executive Session (Cancelled); 2/11/2015 10:00 AM - Public Hearing ; 2/4/2015 11:05 AM - Executive Session ; 2/4/2015 11:00 AM - Public Hearing ; 1/15/2015 1:01 PM - Executive Session ; 1/15/2015 1:00 PM - Public Hearing
Senate Committee on Elections and Local Government|Senate|http://docs.legis.wisconsin.gov/document/committee/2015/1373|2015 Senate Committee on Elections and Local Government|Senator LeMahieu||Senator Kapenga; Senator Kapenga|Luke Petrovich|Katie Bender-Olson; Brian Larson|Senator Wanggaard; Senator Risser; Senator Miller||3/11/2016 3:00 PM - Executive Session ; 3/8/2016 12:00 PM - Executive Session ; 3/1/2016 12:01 PM - Public Hearing ; 3/1/2016 12:00 PM - Executive Session ; 2/3/2016 1:01 PM - Executive Session ; 2/3/2016 1:00 PM - Public Hearing ; 1/26/2016 1:01 PM - Public Hearing (Revised); 1/26/2016 1:00 PM - Executive Session (Revised); 1/14/2016 9:31 AM - Public Hearing ; 1/14/2016 9:30 AM - Executive Session ; 11/23/2015 1:00 PM - Public Hearing ; 10/22/2015 1:00 PM - Executive Session ; 10/13/2015 9:00 AM - Public Hearing ; 9/23/2015 11:00 AM - Public Hearing ; 6/3/2015 9:30 AM - Executive Session ; 5/28/2015 10:30 AM - Public Hearing (Revised); 4/23/2015 1:01 PM - Public Hearing ; 4/23/2015 1:00 PM - Executive Session ; 4/16/2015 10:00 AM - Executive Session ; 4/9/2015 12:00 PM - Public Hearing ; 3/24/2015 9:00 AM - Public Hearing (Revised)
Senate Committee on Sporting Heritage, Mining and Forestry|Senate|http://docs.legis.wisconsin.gov/document/committee/2015/1374|2015 Senate Committee on Sporting Heritage, Mining and Forestry|Senator Tiffany||Senator Roth; Senator Roth|Mitchel Ohly|Rachel Letzing; Anna Henning|Senator Moulton; Senator Wirch; Senator Vinehout||2/9/2016 9:00 AM - Executive Session ; 2/2/2016 9:01 AM - Public Hearing ; 2/2/2016 9:00 AM - Executive Session ; 1/14/2016 9:00 AM - Executive Session ; 1/5/2016 10:01 AM - Public Hearing (Revised); 1/5/2016 10:00 AM - Executive Session ; 12/9/2015 10:00 AM - Public Hearing ; 10/30/2015 4:30 PM - Executive Session ; 10/28/2015 10:00 AM - Public Hearing (Revised); 8/25/2015 11:00 AM - Public Hearing ; 2/6/2015 3:00 PM - Public Hearing
Senate Committee on Education Reform and Government Operations (Disbanded 4-22-15)|Senate|http://docs.legis.wisconsin.gov/document/committee/2015/1372|2015 Senate Committee on Education Reform and Government Operations (Disbanded 4-22-15)|||Senator Harsdorf; Senator Harsdorf|Jenna Zantow|Dan Schmidt; Katie Bender-Olson|Senator Nass; Senator Harris Dodd; Senator Vinehout||4/16/2015 12:31 PM - Executive Session ; 4/16/2015 12:30 PM - Public Hearing ; 4/2/2015 9:30 AM - Public Hearing ; 3/12/2015 11:05 AM - Executive Session ; 3/12/2015 11:00 AM - Public Hearing ; 3/10/2015 9:30 AM - Public Hearing ; 1/27/2015 9:05 AM - Executive Session ; 1/27/2015 9:00 AM - Public Hearing (Revised)
Senate Committee on Insurance, Housing, and Trade|Senate|http://docs.legis.wisconsin.gov/document/committee/2015/1375|2015 Senate Committee on Insurance, Housing, and Trade|Senator Lasee||Senator Olsen; Senator Olsen|Robert Kovach|David Moore; Larry Konopacki|Senator Roth; Senator Bewley; Senator Harris Dodd||3/3/2016 12:00 PM - Executive Session ; 2/10/2016 10:01 AM - Executive Session ; 2/10/2016 10:00 AM - Public Hearing ; 1/27/2016 10:01 AM - Executive Session ; 1/27/2016 10:00 AM - Public Hearing ; 1/5/2016 11:00 AM - Public Hearing ; 10/15/2015 12:30 PM - Executive Session ; 10/6/2015 10:01 AM - Executive Session ; 10/6/2015 10:00 AM - Public Hearing ; 6/30/2015 1:01 PM - Executive Session (Revised); 6/30/2015 1:00 PM - Public Hearing (Revised); 5/20/2015 12:00 PM - Executive Session ; 5/13/2015 1:00 PM - Public Hearing ; 1/20/2015 2:31 PM - Executive Session ; 1/20/2015 2:30 AM - Public Hearing
Senate Committee on Economic Development and Commerce|Senate|http://docs.legis.wisconsin.gov/document/committee/2015/1371|2015 Senate Committee on Economic Development and Commerce|||Senator Petrowski; Senator Petrowski|Tim Lakin|Scott Grosz; David Moore|Senator Darling; Senator Lassa; Senator Ringhand||2/17/2016 10:01 AM - Executive Session ; 2/17/2016 10:00 AM - Public Hearing ; 1/27/2016 2:00 PM - Executive Session ; 1/19/2016 1:01 PM - Public Hearing ; 1/19/2016 1:00 PM - Executive Session ; 1/11/2016 2:00 PM - Public Hearing (Revised); 10/26/2015 2:00 PM - Public Hearing ; 10/15/2015 10:00 AM - Executive Session ; 10/14/2015 3:00 PM - Public Hearing ; 10/12/2015 2:00 PM - Public Hearing ; 10/8/2015 3:00 PM - Public Hearing ; 10/5/2015 2:00 PM - Public Hearing ; 9/24/2015 2:00 PM - Public Hearing ; 5/20/2015 10:01 AM - Executive Session (Revised); 5/20/2015 10:00 AM - Public Hearing (Revised); 5/13/2015 10:01 AM - Public Hearing (Cancelled); 5/13/2015 10:00 AM - Executive Session (Cancelled); 4/28/2015 10:01 AM - Public Hearing ; 4/28/2015 10:00 AM - Executive Session ; 4/23/2015 10:01 AM - Public Hearing ; 4/23/2015 10:00 AM - Executive Session ; 3/25/2015 1:30 PM - Public Hearing ; 1/20/2015 2:35 PM - Executive Session (Revised); 1/20/2015 2:30 PM - Public Hearing (Revised)
Senate Committee on Senate Organization|Senate|http://docs.legis.wisconsin.gov/document/committee/2015/1369|2015 Senate Committee on Senate Organization|Senator S. Fitzgerald|||Jeff Renk||Senator Lazich; Senator Vukmir; Senator Shilling; Senator Hansen||3/17/2016 2:00 PM - Public Hearing (Cancelled); 2/23/2015 9:00 AM - Executive Session
Senate Committee on Universities and Technical Colleges|Senate|http://docs.legis.wisconsin.gov/document/committee/2015/1370|2015 Senate Committee on Universities and Technical Colleges|Senator Harsdorf||Senator Nass; Senator Nass||Dan Schmidt; Scott Grosz|Senator Hansen; Senator Bewley||3/9/2016 12:00 PM - Executive Session ; 3/3/2016 10:01 AM - Public Hearing (Revised); 3/3/2016 10:00 AM - Executive Session ; 2/17/2016 9:30 AM - Public Hearing ; 1/28/2016 9:31 AM - Public Hearing ; 1/28/2016 9:30 AM - Executive Session ; 1/19/2016 10:01 AM - Executive Session ; 1/19/2016 10:00 AM - Public Hearing ; 1/14/2016 9:02 AM - Executive Session ; 1/14/2016 9:01 AM - Public Hearing ; 1/14/2016 9:00 AM - Public Hearing ; 10/21/2015 9:00 AM - Executive Session ; 10/7/2015 10:00 AM - Public Hearing ; 9/17/2015 10:30 AM - Public Hearing (Revised); 6/5/2015 10:00 AM - Executive Session ; 6/4/2015 9:00 AM - Public Hearing (Revised)
Senate Committee on Finance|Senate|http://docs.legis.wisconsin.gov/document/committee/2015/1367|2015 Senate Committee on Finance|Senator Darling||Senator Olsen; Senator Olsen|||Senator Harsdorf; Senator Marklein; Senator Tiffany; Senator Vukmir; Senator L. Taylor; Senator Erpenbach||
Senate Committee on Health and Human Services|Senate|http://docs.legis.wisconsin.gov/document/committee/2015/1368|2015 Senate Committee on Health and Human Services|Senator Vukmir||Senator Moulton; Senator Moulton|Mattias Gugel|Brian Larson|Senator LeMahieu; Senator Carpenter; Senator Erpenbach||12/8/2016 9:00 AM - Public Hearing ; 5/24/2016 10:00 AM - Public Hearing ; 3/3/2016 10:01 AM - Executive Session ; 3/3/2016 10:00 AM - Public Hearing ; 2/12/2016 3:45 PM - Executive Session ; 2/11/2016 11:01 AM - Executive Session ; 2/11/2016 11:00 AM - Public Hearing (Revised); 2/3/2016 12:01 PM - Public Hearing ; 2/3/2016 12:00 PM - Executive Session ; 1/28/2016 11:01 AM - Public Hearing ; 1/28/2016 11:00 AM - Executive Session ; 1/6/2016 1:01 PM - Executive Session (Revised); 1/6/2016 1:00 PM - Public Hearing (Revised); 11/5/2015 11:00 AM - Executive Session ; 10/22/2015 10:31 AM - Executive Session ; 10/22/2015 10:30 AM - Public Hearing ; 10/13/2015 10:01 AM - Executive Session (Revised); 10/13/2015 10:00 AM - Public Hearing (Revised); 9/22/2015 10:00 AM - Public Hearing ; 6/4/2015 12:00 PM - Executive Session ; 6/2/2015 10:00 AM - Public Hearing (Revised); 5/20/2015 10:31 AM - Executive Session (Revised); 5/20/2015 10:30 AM - Public Hearing ; 4/1/2015 10:01 AM - Executive Session ; 4/1/2015 10:00 AM - Public Hearing ; 3/12/2015 12:01 PM - Executive Session ; 3/12/2015 12:00 PM - Public Hearing (Revised); 2/18/2015 9:01 AM - Executive Session (Revised); 2/18/2015 9:00 AM - Public Hearing (Revised); 2/11/2015 2:00 PM - Public Hearing ; 1/27/2015 12:01 PM - Executive Session ; 1/27/2015 12:00 PM - Public Hearing
Senate Committee on Education|Senate|http://docs.legis.wisconsin.gov/document/committee/2015/1366|2015 Senate Committee on Education|Senator Olsen||Senator Darling; Senator Darling|Jenna Zantow|Katie Bender-Olson; Rachel Snyder|Senator Vukmir; Senator Nass; Senator C. Larson; Senator Risser; Senator Bewley||3/8/2016 10:00 AM - Executive Session ; 3/3/2016 1:01 PM - Public Hearing ; 3/3/2016 1:00 PM - Executive Session ; 2/15/2016 9:30 AM - Executive Session ; 2/2/2016 9:01 AM - Public Hearing ; 2/2/2016 9:00 AM - Executive Session ; 1/27/2016 9:01 AM - Executive Session ; 1/27/2016 9:00 AM - Public Hearing ; 1/22/2016 9:00 AM - Executive Session ; 1/21/2016 10:00 AM - Public Hearing ; 1/14/2016 9:00 AM - Executive Session ; 1/6/2016 12:01 PM - Public Hearing ; 1/6/2016 12:00 PM - Public Hearing (Revised); 9/29/2015 1:01 PM - Executive Session ; 9/29/2015 1:00 PM - Public Hearing ; 9/10/2015 4:00 PM - Executive Session ; 9/8/2015 1:00 PM - Public Hearing (Revised); 4/23/2015 2:00 PM - Executive Session ; 3/5/2015 9:00 AM - Public Hearing ; 1/21/2015 12:05 PM - Executive Session ; 1/21/2015 12:00 PM - Public Hearing
Senate Committee on Agriculture, Small Business and Tourism|Senate|http://docs.legis.wisconsin.gov/document/committee/2015/1365|2015 Senate Committee on Agriculture, Small Business and Tourism|Senator Moulton||Senator Tiffany; Senator Tiffany|Scott Nelson|Zach Ramirez; Larry Konopacki|Senator Harsdorf; Senator Petrowski; Senator LeMahieu; Senator Vinehout; Senator Erpenbach; Senator Hansen; Senator L. Taylor||3/14/2016 9:31 AM - Executive Session ; 3/14/2016 9:30 AM - Public Hearing ; 3/2/2016 10:31 AM - Executive Session ; 3/2/2016 10:30 AM - Public Hearing ; 2/10/2016 10:31 AM - Executive Session ; 2/10/2016 10:30 AM - Public Hearing ; 1/14/2016 10:30 AM - Executive Session (Cancelled); 1/13/2016 11:02 AM - Executive Session ; 1/13/2016 11:01 AM - Public Hearing ; 1/13/2016 11:00 AM - Public Hearing ; 1/6/2016 11:01 AM - Executive Session ; 1/6/2016 11:00 AM - Public Hearing ; 10/7/2015 2:31 PM - Executive Session ; 10/7/2015 2:30 PM - Public Hearing ; 9/2/2015 10:01 AM - Executive Session ; 9/2/2015 10:00 AM - Public Hearing ; 6/3/2015 11:01 AM - Executive Session (Revised); 6/3/2015 11:00 AM - Public Hearing (Revised); 3/11/2015 11:01 AM - Executive Session (Revised); 3/11/2015 11:00 AM - Public Hearing (Revised); 1/21/2015 11:31 AM - Executive Session ; 1/21/2015 11:30 AM - Public Hearing
Assembly Speaker's Task Force on Alzheimer's and Dementia|Assembly|http://docs.legis.wisconsin.gov/document/committee/2015/1484|2015 Assembly Speaker's Task Force on Alzheimer's and Dementia Committee website|Representative Rohrkaste||Representative Hesselbein; Representative Hesselbein|Tyler Clark|Steven McCarthy; Mary Matthias|Representative Bernier; Representative Jagler; Representative Katsma; Representative Novak; Representative Czaja; Representative Tittl; Representative Meyers; Representative Brostoff; Representative Kolste||12/9/2015 12:00 PM - Public Hearing ; 12/3/2015 12:30 PM - Public Hearing (Revised); 12/3/2015 10:30 AM - Public Hearing ; 11/18/2015 12:30 PM - Public Hearing (Revised); 11/18/2015 10:00 AM - Public Hearing ; 11/10/2015 12:00 PM - Public Hearing ; 11/10/2015 10:00 AM - Public Hearing ; 10/6/2015 12:30 PM - Public Hearing ; 10/6/2015 10:00 AM - Public Hearing ; 9/16/2015 12:00 PM - Public Hearing
Assembly Committee on Veterans and Military Affairs|Assembly|http://docs.legis.wisconsin.gov/document/committee/2015/1474|2015 Assembly Committee on Veterans and Military Affairs|Representative Skowronski||Representative VanderMeer; Representative VanderMeer|Justin Phillips|David Moore; Steven McCarthy|Representative Weatherston; Representative Petryk; Representative Allen; Representative Edming; Representative Nerison; Representative Heaton; Representative J. Ott; Representative Tittl; Representative Hesselbein; Representative Milroy; Representative Sinicki; Representative Goyke; Representative Riemer||2/4/2016 9:31 AM - Executive Session ; 2/4/2016 9:30 AM - Public Hearing ; 1/21/2016 9:01 AM - Public Hearing (Revised); 1/21/2016 9:00 AM - Executive Session (Revised); 12/10/2015 10:00 AM - Public Hearing ; 3/19/2015 10:00 AM - Public Hearing
Assembly Speaker's Task Force on Youth Workforce Readiness|Assembly|http://docs.legis.wisconsin.gov/document/committee/2015/1483|2015 Assembly Speaker's Task Force on Youth Workforce Readiness Committee website|Representative Kulp||Representative Shankland; Representative Shankland|James Emerson|Zach Ramirez; Anna Henning|Representative Ballweg; Representative Loudenbeck; Representative Jacque; Representative Petryk; Representative Spiros; Representative Swearingen; Representative Mason; Representative Barnes; Representative Spreitzer||3/29/2016 10:00 AM - Public Hearing ; 1/28/2016 10:00 AM - Public Hearing ; 11/6/2015 11:00 AM - Public Hearing ; 9/29/2015 11:00 AM - Public Hearing ; 9/10/2015 9:00 AM - Public Hearing
Assembly Speaker's Task Force on Urban Education|Assembly|http://docs.legis.wisconsin.gov/document/committee/2015/1485|2015 Assembly Speaker's Task Force on Urban Education Committee website|Representative Rodriguez||Representative Pope; Representative Pope|Vincent Williams|Rachel Snyder; Katie Bender-Olson|Representative Kuglitsch; Representative Thiesfeldt; Representative Weatherston; Representative Czaja; Representative Allen; Representative Heaton; Representative Macco; Representative Sinicki; Representative Billings; Representative Genrich; Representative Bowen||3/1/2016 1:00 PM - Public Hearing ; 3/1/2016 9:30 AM - Public Hearing ; 2/2/2016 1:00 PM - Public Hearing (Cancelled); 2/2/2016 9:30 AM - Public Hearing (Cancelled); 1/26/2016 1:00 PM - Public Hearing ; 1/26/2016 9:00 AM - Public Hearing ; 11/17/2015 1:00 PM - Public Hearing ; 11/17/2015 9:00 AM - Public Hearing ; 10/13/2015 2:00 PM - Public Hearing ; 10/13/2015 10:00 AM - Public Hearing ; 9/29/2015 1:00 PM - Public Hearing ; 9/29/2015 9:00 AM - Public Hearing
Assembly Committee on Mental Health Reform|Assembly|http://docs.legis.wisconsin.gov/document/committee/2015/1471|2015 Assembly Committee on Mental Health Reform|Representative Tittl||Representative Jagler; Representative Jagler|Steve Hall|Mary Matthias; Steven McCarthy|Representative Ballweg; Representative Novak; Representative Sanfelippo; Representative Rohrkaste; Representative VanderMeer; Representative Rodriguez; Representative Considine; Representative Riemer; Representative Sargent; Representative Brostoff||9/27/2016 10:45 AM - Committee Meeting ; 2/1/2016 11:00 AM - Executive Session ; 1/25/2016 9:00 AM - Public Hearing ; 1/13/2016 11:30 AM - Public Hearing ; 12/8/2015 10:02 AM - Public Hearing ; 12/8/2015 10:01 AM - Executive Session ; 12/8/2015 10:00 AM - Public Hearing ; 4/21/2015 10:00 AM - Public Hearing ; 3/10/2015 10:00 AM - Public Hearing
Assembly Committee on Public Benefit Reform|Assembly|http://docs.legis.wisconsin.gov/document/committee/2015/1472|2015 Assembly Committee on Public Benefit Reform|Representative Born||Representative Duchow; Representative Duchow|John Cronin|Margit Kelley; Brian Larson|Representative Brandtjen; Representative Vorpagel; Representative Schraa; Representative Kremer; Representative Craig; Representative Neylon; Representative Krug; Representative Tauchen; Representative Jorgensen; Representative Goyke; Representative Kolste; Representative Spreitzer; Representative Subeck||2/2/2016 10:00 AM - Executive Session ; 1/21/2016 10:00 AM - Public Hearing ; 11/10/2015 1:00 PM - Public Hearing ; 10/13/2015 10:00 AM - Executive Session ; 9/29/2015 1:01 PM - Public Hearing ; 9/29/2015 1:00 PM - Executive Session ; 9/15/2015 11:00 AM - Executive Session ; 9/1/2015 11:00 AM - Public Hearing ; 8/18/2015 10:00 AM - Public Hearing ; 5/6/2015 3:00 PM - Executive Session ; 4/30/2015 10:00 AM - Public Hearing ; 2/17/2015 12:00 PM - Public Hearing (Revised)
Assembly Committee on Mining and Rural Development|Assembly|http://docs.legis.wisconsin.gov/document/committee/2015/1473|2015 Assembly Committee on Mining and Rural Development|Representative Kulp||Representative Mursau; Representative Mursau|James Emerson|Rachel Letzing; Larry Konopacki|Representative Bernier; Representative Novak; Representative Quinn; Representative VanderMeer; Representative E. Brooks; Representative Krug; Representative T. Larson; Representative Kremer; Representative Milroy; Representative Danou; Representative Billings; Representative Considine; Representative Spreitzer||2/10/2016 1:00 PM - Executive Session ; 2/4/2016 10:00 AM - Public Hearing ; 2/19/2015 10:00 AM - Public Hearing
Assembly Committee on Interstate Affairs|Assembly|http://docs.legis.wisconsin.gov/document/committee/2015/1469|2015 Assembly Committee on Interstate Affairs|Representative Jacque||Representative Billings; Representative Billings||Michael Queensland; David Moore|Representative Rohrkaste; Representative E. Brooks; Representative Kerkman; Representative A. Ott; Representative Horlacher; Representative Young; Representative Zepnick||2/10/2015 11:15 AM - Executive Session ; 2/4/2015 10:00 AM - Public Hearing
Assembly Committee on Jobs and the Economy|Assembly|http://docs.legis.wisconsin.gov/document/committee/2015/1470|2015 Assembly Committee on Jobs and the Economy|Representative Neylon||Representative Krug; Representative Krug|Joe Zapf|Anna Henning; Scott Grosz|Representative Tauchen; Representative Allen; Representative Kulp; Representative Tittl; Representative Kuglitsch; Representative Macco; Representative Rohrkaste; Representative Steffen; Representative Ohnstad; Representative Zamarripa; Representative Barnes; Representative Spreitzer; Representative Stuck||2/10/2016 9:00 AM - Executive Session (Revised); 2/4/2016 10:31 AM - Public Hearing (Revised); 2/4/2016 10:30 AM - Executive Session ; 2/2/2016 9:00 AM - Executive Session ; 1/27/2016 9:31 AM - Public Hearing (Revised); 1/27/2016 9:30 AM - Executive Session ; 1/13/2016 9:30 AM - Public Hearing (Revised); 10/29/2015 12:30 PM - Executive Session (Revised); 10/28/2015 9:30 AM - Public Hearing (Revised); 10/7/2015 10:00 AM - Public Hearing (Revised); 3/25/2015 9:30 AM - Public Hearing
Assembly Committee on Criminal Justice and Public Safety|Assembly|http://docs.legis.wisconsin.gov/document/committee/2015/1468|2015 Assembly Committee on Criminal Justice and Public Safety|Representative Kleefisch||Representative Kremer; Representative Kremer|Katie Scott|Melissa Schmidt; Michael Queensland|Representative Spiros; Representative J. Ott; Representative Rodriguez; Representative Horlacher; Representative Novak; Representative Born; Representative Duchow; Representative Goyke; Representative Kessler; Representative Zamarripa; Representative Johnson||2/11/2016 9:30 AM - Executive Session (Revised); 2/11/2016 9:15 AM - Public Hearing (Revised); 1/28/2016 10:02 AM - Executive Session (Revised); 1/28/2016 10:01 AM - Public Hearing (Revised); 1/28/2016 10:00 AM - Executive Session (Revised); 1/14/2016 10:31 AM - Public Hearing (Revised); 1/14/2016 10:30 AM - Executive Session (Revised); 1/13/2016 1:31 PM - Public Hearing (Revised); 1/13/2016 1:30 PM - Executive Session (Revised); 11/5/2015 11:00 AM - Public Hearing (Revised); 10/8/2015 10:01 AM - Public Hearing (Revised); 10/8/2015 10:00 AM - Executive Session ; 9/9/2015 10:00 AM - Executive Session ; 8/11/2015 10:00 AM - Public Hearing (Revised); 6/2/2015 11:01 AM - Public Hearing ; 6/2/2015 11:00 AM - Executive Session ; 5/20/2015 12:00 PM - Public Hearing (Revised); 4/23/2015 10:31 AM - Executive Session ; 4/23/2015 10:30 AM - Public Hearing ; 2/26/2015 10:31 AM - Executive Session (Revised); 2/26/2015 10:30 AM - Public Hearing ; 2/10/2015 10:00 AM - Executive Session (Revised); 2/3/2015 10:00 AM - Public Hearing
Assembly Committee on Rules|Assembly|http://docs.legis.wisconsin.gov/document/committee/2015/1449|2015 Assembly Committee on Rules|Representative Steineke|||Bob Karius||Representative Vos; Representative August; Representative Knodl; Representative Murtha; Representative Ballweg; Representative Kuglitsch; Representative Jagler; Representative Born; Representative Barca; Representative Shankland; Representative Jorgensen; Representative Zamarripa; Representative Pope; Representative Hebl||2/16/2016 3:00 PM - Executive Session ; 2/11/2016 11:30 AM - Executive Session ; 2/9/2016 3:00 PM - Executive Session ; 2/4/2016 2:30 PM - Executive Session ; 1/14/2016 2:30 PM - Executive Session ; 1/7/2016 2:30 PM - Executive Session ; 10/28/2015 3:30 PM - Executive Session ; 10/21/2015 2:00 PM - Executive Session ; 10/15/2015 3:30 PM - Executive Session ; 9/22/2015 2:00 PM - Executive Session ; 6/3/2015 2:00 PM - Executive Session ; 5/7/2015 2:30 PM - Executive Session ; 4/9/2015 3:00 PM - Executive Session ; 3/12/2015 2:00 PM - Executive Session ; 2/10/2015 3:00 PM - Executive Session ; 1/20/2015 3:00 PM - Executive Session
Assembly Committee on Assembly Organization|Assembly|http://docs.legis.wisconsin.gov/document/committee/2015/1423|2015 Assembly Committee on Assembly Organization|Representative Vos||Representative Steineke; Representative Steineke|Bob Karius||Representative Knodl; Representative August; Representative Murtha; Representative Barca; Representative Shankland; Representative Jorgensen||
Assembly Committee on Audit|Assembly|http://docs.legis.wisconsin.gov/document/committee/2015/1424|2015 Assembly Committee on Audit|Representative Kerkman||Representative Macco; Representative Macco|Tami Rongstad||Representative Nygren; Representative Sargent; Representative Berceau||
Assembly Committee on Employment Relations|Assembly|http://docs.legis.wisconsin.gov/document/committee/2015/1434|2015 Assembly Committee on Employment Relations||Representative Vos||||Representative Steineke; Representative Nygren; Representative Barca||
Assembly Committee on Finance|Assembly|http://docs.legis.wisconsin.gov/document/committee/2015/1436|2015 Assembly Committee on Finance|Representative Nygren||Representative Kooyenga; Representative Kooyenga|Joe Malkasian||Representative Knudson; Representative Loudenbeck; Representative Schraa; Representative Czaja; Representative C. Taylor; Representative Hintz||
Assembly Committee on Urban and Local Affairs|Assembly|http://docs.legis.wisconsin.gov/document/committee/2015/1416|2015 Assembly Committee on Urban and Local Affairs|Representative E. Brooks||Representative Hutton; Representative Hutton|John Flynn|Melissa Schmidt; Steven McCarthy|Representative Novak; Representative Quinn; Representative Steffen; Representative Skowronski; Representative Genrich; Representative Young; Representative Subeck||2/11/2016 9:30 AM - Public Hearing ; 2/9/2016 9:30 AM - Executive Session ; 2/3/2016 10:31 AM - Executive Session (Revised); 2/3/2016 10:30 AM - Public Hearing (Revised); 1/20/2016 10:01 AM - Public Hearing ; 1/20/2016 10:00 AM - Executive Session ; 12/15/2015 9:30 AM - Public Hearing (Revised); 10/20/2015 9:00 AM - Executive Session ; 10/15/2015 11:00 AM - Public Hearing ; 9/22/2015 10:00 AM - Executive Session (Revised); 9/8/2015 10:01 AM - Committee Meeting ; 9/8/2015 10:00 AM - Public Hearing ; 6/16/2015 11:30 AM - Public Hearing ; 5/5/2015 11:00 AM - Executive Session ; 4/21/2015 10:01 AM - Public Hearing ; 4/21/2015 10:00 AM - Public Hearing ; 3/10/2015 10:00 AM - Public Hearing
Assembly Committee on Workforce Development|Assembly|http://docs.legis.wisconsin.gov/document/committee/2015/1418|2015 Assembly Committee on Workforce Development|Representative Petryk||Representative Weatherston; Representative Weatherston||Steven McCarthy; Dan Schmidt|Representative Murphy; Representative Ripp; Representative Kuglitsch; Representative Katsma; Representative Kulp; Representative Bernier; Representative Brandtjen; Representative Kitchens; Representative Shankland; Representative Kolste; Representative Riemer; Representative Spreitzer; Representative Bowen||2/10/2016 9:01 AM - Executive Session (Revised); 2/10/2016 9:00 AM - Public Hearing (Revised); 2/3/2016 10:01 AM - Executive Session (Cancelled); 2/3/2016 10:00 AM - Public Hearing (Cancelled); 1/20/2016 9:31 AM - Executive Session ; 1/20/2016 9:30 AM - Public Hearing ; 12/15/2015 9:00 AM - Public Hearing ; 9/15/2015 10:00 AM - Public Hearing ; 2/17/2015 10:00 AM - Public Hearing
Assembly Committee for Review of Administrative Rules|Assembly|http://docs.legis.wisconsin.gov/document/committee/2015/1419|2015 Assembly Committee for Review of Administrative Rules|Representative Ballweg||Representative Knudson; Representative Knudson|Bethany Anderson||Representative J. Ott; Representative Hebl; Representative Shankland||
Assembly Committee on Ways and Means|Assembly|http://docs.legis.wisconsin.gov/document/committee/2015/1417|2015 Assembly Committee on Ways and Means|Representative Spiros||Representative Macco; Representative Macco||Brian Larson; Dan Schmidt|Representative Kerkman; Representative Novak; Representative Steffen; Representative Jacque; Representative Katsma; Representative Petersen; Representative Duchow; Representative Riemer; Representative Zepnick; Representative Ohnstad; Representative Brostoff||2/10/2016 11:31 AM - Executive Session (Revised); 2/10/2016 11:30 AM - Public Hearing (Revised); 2/3/2016 9:01 AM - Executive Session (Revised); 2/3/2016 9:00 AM - Public Hearing (Revised); 1/27/2016 12:01 PM - Executive Session (Revised); 1/27/2016 12:00 PM - Public Hearing ; 1/21/2016 9:31 AM - Executive Session ; 1/21/2016 9:30 AM - Public Hearing ; 1/7/2016 10:01 AM - Public Hearing (Revised); 1/7/2016 10:00 AM - Executive Session (Revised); 12/3/2015 10:01 AM - Executive Session ; 12/3/2015 10:00 AM - Public Hearing ; 10/22/2015 1:01 PM - Public Hearing (Revised); 10/22/2015 1:00 PM - Executive Session (Revised); 10/8/2015 1:01 PM - Public Hearing ; 10/8/2015 1:00 PM - Executive Session ; 9/24/2015 9:00 AM - Public Hearing ; 5/26/2015 10:00 AM - Public Hearing ; 5/14/2015 10:00 AM - Public Hearing ; 4/21/2015 1:00 PM - Executive Session ; 4/15/2015 11:00 AM - Public Hearing ; 4/7/2015 9:00 AM - Executive Session ; 3/31/2015 11:00 AM - Public Hearing
Assembly Committee on Transportation|Assembly|http://docs.legis.wisconsin.gov/document/committee/2015/1415|2015 Assembly Committee on Transportation|Representative Ripp||Representative Spiros; Representative Spiros|Elisabeth Portz|Steven McCarthy; Michael Queensland|Representative Thiesfeldt; Representative Weatherston; Representative A. Ott; Representative Sanfelippo; Representative Vorpagel; Representative T. Larson; Representative Swearingen; Representative Macco; Representative Nygren; Representative Kahl; Representative Danou; Representative Kolste; Representative Bowen; Representative Meyers||12/6/2016 10:00 AM - Public Hearing ; 2/11/2016 9:00 AM - Executive Session ; 2/2/2016 12:01 PM - Public Hearing ; 2/2/2016 12:00 PM - Executive Session ; 12/8/2015 12:01 PM - Public Hearing ; 12/8/2015 12:00 PM - Executive Session ; 10/28/2015 11:00 AM - Public Hearing (Revised); 9/24/2015 9:00 AM - Executive Session ; 9/15/2015 10:01 AM - Executive Session ; 9/15/2015 10:00 AM - Public Hearing (Revised); 8/18/2015 12:01 PM - Committee Meeting ; 8/18/2015 12:00 PM - Public Hearing ; 7/7/2015 11:00 AM - Executive Session ; 5/26/2015 1:00 PM - Executive Session (Revised); 5/12/2015 1:00 PM - Public Hearing ; 4/7/2015 2:00 PM - Executive Session ; 3/31/2015 1:00 PM - Public Hearing (Revised); 3/18/2015 1:00 PM - Public Hearing (Cancelled); 3/3/2015 10:01 AM - Public Hearing ; 3/3/2015 10:00 AM - Executive Session ; 2/17/2015 1:02 PM - Public Hearing ; 2/17/2015 1:01 PM - Committee Meeting ; 2/17/2015 1:00 PM - Public Hearing ; 2/3/2015 1:00 PM - Public Hearing
Assembly Committee on Tourism|Assembly|http://docs.legis.wisconsin.gov/document/committee/2015/1414|2015 Assembly Committee on Tourism|Representative Tranel||Representative Jarchow; Representative Jarchow|Jeff Curry|Rachel Snyder; Michael Queensland|Representative Mursau; Representative Tauchen; Representative Kleefisch; Representative Kitchens; Representative Born; Representative A. Ott; Representative Swearingen; Representative Ballweg; Representative Billings; Representative Doyle; Representative Ohnstad; Representative Mason; Representative Meyers||2/3/2016 12:00 PM - Executive Session ; 1/27/2016 1:01 PM - Public Hearing ; 1/27/2016 1:00 PM - Executive Session ; 1/13/2016 1:01 PM - Public Hearing ; 1/13/2016 1:00 PM - Executive Session ; 6/17/2015 1:00 PM - Public Hearing
Assembly Committee on Small Business Development|Assembly|http://docs.legis.wisconsin.gov/document/committee/2015/1412|2015 Assembly Committee on Small Business Development|Representative Tauchen||Representative Edming; Representative Edming|Craig Arrowood|Rachel Letzing; Melissa Schmidt|Representative Tranel; Representative Hutton; Representative Allen; Representative Swearingen; Representative T. Larson; Representative Gannon; Representative VanderMeer; Representative Skowronski; Representative Jorgensen; Representative Sargent; Representative Doyle; Representative Barnes; Representative Bowen||2/11/2016 9:00 AM - Executive Session ; 1/20/2016 11:00 AM - Public Hearing ; 1/13/2016 2:00 PM - Executive Session ; 11/11/2015 10:00 AM - Public Hearing ; 10/21/2015 10:00 AM - Public Hearing (Cancelled)
Assembly Committee on State Affairs and Government Operations|Assembly|http://docs.legis.wisconsin.gov/document/committee/2015/1413|2015 Assembly Committee on State Affairs and Government Operations|Representative Swearingen||Representative Craig; Representative Craig|Dan Perchinsky|Anna Henning; Melissa Schmidt|Representative Jagler; Representative Brandtjen; Representative Kleefisch; Representative Gannon; Representative Ripp; Representative Kulp; Representative Tauchen; Representative Vorpagel; Representative Sinicki; Representative Zamarripa; Representative Kahl; Representative Ohnstad; Representative Brostoff||2/16/2016 9:01 AM - Executive Session ; 2/16/2016 9:00 AM - Public Hearing ; 2/10/2016 10:01 AM - Executive Session (Revised); 2/10/2016 10:00 AM - Public Hearing ; 2/3/2016 12:31 PM - Executive Session (Revised); 2/3/2016 12:30 PM - Public Hearing (Revised); 1/27/2016 10:31 AM - Public Hearing ; 1/27/2016 10:30 AM - Executive Session (Revised); 1/20/2016 10:01 AM - Public Hearing (Revised); 1/20/2016 10:00 AM - Executive Session ; 1/13/2016 12:31 PM - Public Hearing ; 1/13/2016 12:30 PM - Executive Session ; 1/6/2016 1:01 PM - Public Hearing ; 1/6/2016 1:00 PM - Executive Session (Revised); 12/16/2015 1:00 PM - Public Hearing (Revised); 11/17/2015 1:00 PM - Executive Session ; 11/4/2015 1:00 PM - Public Hearing (Revised); 10/29/2015 1:00 PM - Executive Session (Revised); 10/28/2015 1:00 PM - Public Hearing ; 10/21/2015 8:30 AM - Executive Session ; 10/15/2015 9:31 AM - Public Hearing (Revised); 10/15/2015 9:30 AM - Executive Session (Revised); 9/30/2015 1:01 PM - Public Hearing ; 9/30/2015 1:00 PM - Executive Session ; 9/23/2015 1:01 PM - Public Hearing ; 9/23/2015 1:00 PM - Executive Session ; 9/16/2015 12:00 PM - Public Hearing (Revised); 8/24/2015 2:00 PM - Public Hearing ; 8/24/2015 10:00 AM - Public Hearing ; 6/16/2015 1:31 PM - Public Hearing ; 6/16/2015 1:30 PM - Executive Session ; 5/27/2015 10:00 AM - Public Hearing ; 5/6/2015 1:01 PM - Public Hearing ; 5/6/2015 1:00 PM - Executive Session ; 4/28/2015 11:31 AM - Public Hearing (Revised); 4/28/2015 11:30 AM - Executive Session ; 4/15/2015 1:00 PM - Public Hearing ; 4/8/2015 9:30 AM - Executive Session ; 4/2/2015 1:00 PM - Public Hearing (Revised); 3/12/2015 10:00 AM - Executive Session ; 3/10/2015 1:01 PM - Public Hearing ; 3/10/2015 1:00 PM - Executive Session ; 3/4/2015 10:00 AM - Public Hearing (Revised); 2/10/2015 11:00 AM - Executive Session ; 2/4/2015 1:00 PM - Public Hearing
Assembly Committee on Natural Resources and Sporting Heritage|Assembly|http://docs.legis.wisconsin.gov/document/committee/2015/1411|2015 Assembly Committee on Natural Resources and Sporting Heritage|Representative A. Ott||Representative Quinn; Representative Quinn||Larry Konopacki; Anna Henning|Representative Kleefisch; Representative Mursau; Representative Nerison; Representative Ripp; Representative Born; Representative Tittl; Representative Skowronski; Representative Edming; Representative Milroy; Representative Danou; Representative Hesselbein; Representative Shankland; Representative Spreitzer||2/17/2016 12:30 PM - Executive Session (Cancelled); 2/3/2016 9:01 AM - Public Hearing ; 2/3/2016 9:00 AM - Executive Session ; 1/20/2016 11:01 AM - Public Hearing (Revised); 1/20/2016 11:00 AM - Executive Session ; 1/6/2016 10:01 AM - Public Hearing ; 1/6/2016 10:00 AM - Executive Session (Revised); 12/9/2015 11:01 AM - Public Hearing ; 12/9/2015 11:00 AM - Executive Session ; 11/17/2015 1:01 PM - Public Hearing ; 11/17/2015 1:00 PM - Executive Session ; 10/29/2015 10:30 AM - Executive Session ; 10/28/2015 9:01 AM - Public Hearing (Revised); 10/28/2015 9:00 AM - Executive Session ; 10/14/2015 11:31 AM - Executive Session (Revised); 10/14/2015 11:30 AM - Public Hearing (Revised); 7/22/2015 10:00 AM - Executive Session ; 6/10/2015 10:31 AM - Public Hearing ; 6/10/2015 10:30 AM - Executive Session ; 5/27/2015 10:31 AM - Public Hearing ; 5/27/2015 10:30 AM - Public Hearing ; 4/8/2015 1:00 PM - Executive Session (Revised); 4/1/2015 10:00 AM - Public Hearing
Assembly Committee on Judiciary|Assembly|http://docs.legis.wisconsin.gov/document/committee/2015/1409|2015 Assembly Committee on Judiciary|Representative J. Ott||Representative Horlacher; Representative Horlacher|Virginia Mueller|Jessica Karls-Ruplinger; Jessica Ozalp|Representative Thiesfeldt; Representative Heaton; Representative T. Larson; Representative Kerkman; Representative Wachs; Representative Hebl; Representative Goyke||2/16/2016 9:30 AM - Executive Session (Revised); 2/11/2016 9:00 AM - Public Hearing ; 2/11/2016 8:45 AM - Executive Session (Revised); 2/4/2016 11:00 AM - Public Hearing ; 2/4/2016 10:59 AM - Executive Session (Revised); 1/28/2016 1:01 PM - Executive Session ; 1/28/2016 1:00 PM - Public Hearing (Revised); 1/21/2016 11:00 AM - Public Hearing (Cancelled); 1/14/2016 1:30 PM - Executive Session (Cancelled); 1/7/2016 11:01 AM - Public Hearing ; 1/7/2016 11:00 AM - Executive Session ; 12/17/2015 11:00 AM - Executive Session ; 12/17/2015 10:30 AM - Public Hearing ; 12/10/2015 11:00 AM - Public Hearing ; 11/12/2015 12:00 PM - Public Hearing (Revised); 10/29/2015 11:00 AM - Executive Session ; 10/15/2015 11:01 AM - Public Hearing ; 10/15/2015 11:00 AM - Executive Session ; 10/1/2015 11:01 AM - Public Hearing ; 10/1/2015 11:00 AM - Executive Session ; 9/17/2015 11:00 AM - Public Hearing (Revised); 8/20/2015 10:30 AM - Public Hearing ; 8/20/2015 9:00 AM - Executive Session ; 5/14/2015 10:00 AM - Public Hearing ; 5/7/2015 1:00 PM - Executive Session ; 4/30/2015 11:00 AM - Public Hearing (Revised); 4/9/2015 12:30 PM - Executive Session (Revised); 4/7/2015 1:00 PM - Public Hearing (Revised); 1/15/2015 11:00 AM - Executive Session ; 1/8/2015 11:00 AM - Public Hearing (Revised)
Assembly Committee on Labor|Assembly|http://docs.legis.wisconsin.gov/document/committee/2015/1410|2015 Assembly Committee on Labor|Representative Jacque||Representative Spiros; Representative Spiros||Margit Kelley; Jessica Karls-Ruplinger|Representative Knodl; Representative Kulp; Representative Kuglitsch; Representative Sinicki; Representative Mason; Representative Ohnstad||2/10/2016 5:00 PM - Public Hearing ; 10/7/2015 2:00 PM - Executive Session ; 6/10/2015 1:00 PM - Public Hearing ; 5/27/2015 9:00 AM - Public Hearing ; 5/27/2015 9:00 AM - Executive Session ; 3/4/2015 4:30 PM - Executive Session ; 3/2/2015 10:00 AM - Public Hearing
Assembly Committee on Health|Assembly|http://docs.legis.wisconsin.gov/document/committee/2015/1406|2015 Assembly Committee on Health|Representative Sanfelippo||Representative Rohrkaste; Representative Rohrkaste|Joshua Hoisington|Mary Matthias; Steven McCarthy|Representative Edming; Representative Skowronski; Representative Kremer; Representative Tittl; Representative Petersen; Representative Kolste; Representative Zamarripa; Representative Riemer; Representative Subeck||2/10/2016 10:01 AM - Executive Session ; 2/10/2016 10:00 AM - Public Hearing ; 2/3/2016 10:01 AM - Public Hearing (Revised); 2/3/2016 10:00 AM - Executive Session (Revised); 1/13/2016 10:00 AM - Public Hearing (Revised); 12/16/2015 10:00 AM - Public Hearing ; 11/18/2015 10:00 AM - Public Hearing ; 10/22/2015 9:01 AM - Executive Session (Revised); 10/22/2015 9:00 AM - Public Hearing ; 10/21/2015 9:00 AM - Executive Session (Cancelled); 10/14/2015 9:00 AM - Public Hearing ; 9/15/2015 10:00 AM - Executive Session (Revised); 9/2/2015 9:00 AM - Public Hearing (Revised); 8/18/2015 9:00 AM - Public Hearing ; 6/3/2015 10:00 AM - Executive Session (Revised); 6/2/2015 10:00 AM - Public Hearing (Revised); 5/20/2015 9:30 AM - Public Hearing ; 3/17/2015 9:30 AM - Executive Session (Revised); 3/11/2015 11:01 AM - Public Hearing ; 3/11/2015 11:00 AM - Public Hearing
Assembly Committee on Housing and Real Estate|Assembly|http://docs.legis.wisconsin.gov/document/committee/2015/1407|2015 Assembly Committee on Housing and Real Estate|Representative Jagler||Representative Allen; Representative Allen|Charlie Bellin|Larry Konopacki; Rachel Snyder|Representative R. Brooks; Representative Katsma; Representative Murphy; Representative Murtha; Representative Young; Representative Genrich; Representative Stuck||2/10/2016 10:00 AM - Executive Session (Revised); 2/2/2016 2:01 PM - Public Hearing ; 2/2/2016 2:00 PM - Executive Session ; 1/21/2016 1:00 PM - Executive Session ; 1/7/2016 10:01 AM - Public Hearing (Revised); 1/7/2016 10:00 AM - Executive Session (Revised); 12/10/2015 10:01 AM - Executive Session (Revised); 12/10/2015 10:00 AM - Public Hearing (Revised); 10/29/2015 9:30 AM - Public Hearing (Revised); 5/28/2015 10:00 AM - Executive Session ; 4/30/2015 10:01 AM - Public Hearing (Revised); 4/30/2015 10:00 AM - Executive Session (Revised); 4/2/2015 10:00 AM - Public Hearing (Revised)
Assembly Committee on Insurance|Assembly|http://docs.legis.wisconsin.gov/document/committee/2015/1408|2015 Assembly Committee on Insurance|Representative Petersen||Representative Tittl; Representative Tittl|Jim Bowers2|Margit Kelley; Larry Konopacki|Representative Gannon; Representative Steffen; Representative Jagler; Representative Petryk; Representative Craig; Representative Tranel; Representative Born; Representative August; Representative Doyle; Representative Danou; Representative Berceau; Representative Kahl; Representative Young||2/10/2016 10:00 AM - Executive Session ; 1/28/2016 9:01 AM - Public Hearing ; 1/28/2016 9:00 AM - Executive Session ; 1/14/2016 11:01 AM - Executive Session ; 1/14/2016 11:00 AM - Public Hearing ; 10/22/2015 10:01 AM - Executive Session (Revised); 10/22/2015 10:00 AM - Public Hearing (Revised); 7/30/2015 9:00 AM - Public Hearing (Cancelled)
Assembly Committee on Family Law|Assembly|http://docs.legis.wisconsin.gov/document/committee/2015/1404|2015 Assembly Committee on Family Law|Representative T. Larson||Representative Bernier; Representative Bernier|Matt Pulda|Rachel Snyder; Melissa Schmidt|Representative Thiesfeldt; Representative Craig; Representative Mursau; Representative Kleefisch; Representative Hebl; Representative Johnson; Representative Subeck||2/2/2016 10:00 AM - Executive Session ; 12/8/2015 10:00 AM - Public Hearing ; 3/31/2015 10:00 AM - Public Hearing
Assembly Committee on Financial Institutions|Assembly|http://docs.legis.wisconsin.gov/document/committee/2015/1405|2015 Assembly Committee on Financial Institutions|Representative Craig||Representative Katsma; Representative Katsma|Sam Hope|Dan Schmidt; Zach Ramirez|Representative Jarchow; Representative Sanfelippo; Representative Born; Representative Ballweg; Representative Weatherston; Representative Murphy; Representative Petersen; Representative Kitchens; Representative Doyle; Representative Zepnick; Representative Genrich; Representative Sargent; Representative Johnson; Representative Brostoff||2/3/2016 10:00 AM - Executive Session ; 1/27/2016 10:00 AM - Public Hearing (Revised); 10/27/2015 9:00 AM - Executive Session ; 9/16/2015 10:00 AM - Public Hearing ; 3/19/2015 10:00 AM - Executive Session ; 2/11/2015 10:00 AM - Public Hearing ; 2/11/2015 10:00 AM - Public Hearing
Assembly Committee on Energy and Utilities|Assembly|http://docs.legis.wisconsin.gov/document/committee/2015/1402|2015 Assembly Committee on Energy and Utilities|Representative Kuglitsch||Representative Steffen; Representative Steffen|Matt Spencer|Zach Ramirez; Larry Konopacki|Representative T. Larson; Representative Jacque; Representative Petersen; Representative Weatherston; Representative Tranel; Representative Jarchow; Representative Petryk; Representative Neylon; Representative Zepnick; Representative Kahl; Representative Sargent; Representative Genrich; Representative Stuck||2/11/2016 9:00 AM - Executive Session (Cancelled); 2/3/2016 1:00 PM - Public Hearing (Revised); 2/3/2016 12:59 PM - Executive Session (Revised); 1/26/2016 10:00 AM - Public Hearing ; 12/15/2015 10:30 AM - Executive Session ; 12/9/2015 12:31 PM - Executive Session ; 12/9/2015 12:30 PM - Public Hearing ; 11/18/2015 10:30 AM - Public Hearing ; 10/27/2015 9:00 AM - Executive Session ; 10/22/2015 10:00 AM - Public Hearing (Revised); 1/28/2015 10:00 AM - Public Hearing
Assembly Committee on Environment and Forestry|Assembly|http://docs.legis.wisconsin.gov/document/committee/2015/1403|2015 Assembly Committee on Environment and Forestry|Representative Mursau||Representative Krug; Representative Krug|Cory Bruce|Anna Henning; Rachel Letzing|Representative Czaja; Representative Kitchens; Representative Swearingen; Representative Edming; Representative R. Brooks; Representative Allen; Representative Mason; Representative Milroy; Representative Hebl; Representative Stuck; Representative Considine||2/16/2016 9:30 AM - Executive Session ; 2/10/2016 11:01 AM - Public Hearing (Revised); 2/10/2016 11:00 AM - Executive Session (Revised); 2/4/2016 9:01 AM - Executive Session (Revised); 2/4/2016 9:00 AM - Public Hearing (Revised); 2/2/2016 11:01 AM - Public Hearing ; 2/2/2016 11:00 AM - Executive Session (Revised); 1/28/2016 9:00 AM - Public Hearing ; 1/20/2016 9:00 AM - Public Hearing ; 1/5/2016 12:01 PM - Public Hearing ; 1/5/2016 12:00 PM - Executive Session ; 12/15/2015 10:31 AM - Executive Session ; 12/15/2015 10:30 AM - Public Hearing ; 12/8/2015 12:00 PM - Public Hearing (Revised); 11/17/2015 10:00 AM - Public Hearing ; 5/27/2015 1:30 PM - Executive Session ; 5/12/2015 2:00 PM - Public Hearing ; 2/17/2015 10:00 AM - Public Hearing ; 2/10/2015 10:00 AM - Executive Session ; 2/3/2015 9:00 AM - Public Hearing
Assembly Committee on Education|Assembly|http://docs.legis.wisconsin.gov/document/committee/2015/1401|2015 Assembly Committee on Education|Representative Thiesfeldt||Representative Kitchens; Representative Kitchens|Hariah Hutkowski|Jessica Ozalp; Rachel Snyder|Representative Jagler; Representative Knudson; Representative Rodriguez; Representative R. Brooks; Representative Horlacher; Representative Murphy; Representative Quinn; Representative Hutton; Representative Duchow; Representative Pope; Representative Sinicki; Representative Genrich; Representative Barnes; Representative Considine||2/10/2016 1:31 PM - Public Hearing ; 2/10/2016 1:30 PM - Executive Session ; 2/4/2016 1:01 PM - Public Hearing (Revised); 2/4/2016 1:00 PM - Executive Session (Revised); 1/28/2016 10:01 AM - Public Hearing (Revised); 1/28/2016 10:00 AM - Executive Session ; 1/14/2016 1:46 PM - Public Hearing ; 1/14/2016 1:45 PM - Executive Session ; 12/17/2015 9:30 AM - Public Hearing ; 11/19/2015 10:00 AM - Public Hearing ; 11/5/2015 10:01 AM - Public Hearing (Revised); 11/5/2015 10:00 AM - Executive Session ; 10/8/2015 11:00 AM - Public Hearing ; 9/17/2015 9:30 AM - Executive Session ; 9/10/2015 10:01 AM - Public Hearing ; 9/10/2015 10:00 AM - Executive Session ; 7/16/2015 10:01 AM - Public Hearing (Revised); 7/16/2015 10:00 AM - Executive Session ; 6/4/2015 10:01 AM - Public Hearing ; 6/4/2015 10:00 AM - Executive Session ; 5/7/2015 10:01 AM - Public Hearing (Revised); 5/7/2015 10:00 AM - Executive Session ; 4/9/2015 10:00 AM - Public Hearing ; 3/12/2015 10:30 AM - Executive Session (Cancelled); 3/10/2015 9:30 AM - Public Hearing ; 2/19/2015 10:00 AM - Public Hearing ; 1/14/2015 10:00 AM - Public Hearing
Assembly Committee on Consumer Protection|Assembly|http://docs.legis.wisconsin.gov/document/committee/2015/1399|2015 Assembly Committee on Consumer Protection|Representative Krug||Representative Heaton; Representative Heaton|Randy Thorson|Jessica Ozalp; Mary Matthias|Representative Katsma; Representative Neylon; Representative Nerison; Representative VanderMeer; Representative Sinicki; Representative Pope; Representative Young||2/15/2016 2:00 PM - Executive Session ; 2/2/2016 10:01 AM - Public Hearing (Revised); 2/2/2016 10:00 AM - Executive Session ; 1/5/2016 10:00 AM - Public Hearing (Revised); 9/15/2015 10:30 AM - Executive Session ; 9/15/2015 10:00 AM - Public Hearing ; 8/4/2015 1:00 PM - Public Hearing (Revised); 3/31/2015 1:00 PM - Public Hearing
Assembly Committee on Corrections|Assembly|http://docs.legis.wisconsin.gov/document/committee/2015/1400|2015 Assembly Committee on Corrections|Representative Hutton||Representative Brandtjen; Representative Brandtjen|Phillip Pratt|Katie Bender-Olson; David Moore|Representative Gannon; Representative E. Brooks; Representative Nygren; Representative Kleefisch; Representative Barnes; Representative Pope; Representative Bowen||2/2/2016 2:00 PM - Executive Session ; 1/28/2016 11:00 AM - Public Hearing (Revised); 1/14/2016 9:30 AM - Public Hearing ; 9/10/2015 10:00 AM - Public Hearing (Revised); 6/2/2015 10:00 AM - Executive Session (Revised); 5/26/2015 10:00 AM - Public Hearing ; 5/7/2015 10:00 AM - Public Hearing (Revised); 2/26/2015 10:00 AM - Public Hearing (Cancelled)
Assembly Committee on Children and Families|Assembly|http://docs.legis.wisconsin.gov/document/committee/2015/1396|2015 Assembly Committee on Children and Families|Representative Rodriguez||Representative Gannon; Representative Gannon|Vincent Williams|Melissa Schmidt; Rachel Snyder|Representative R. Brooks; Representative Vorpagel; Representative Kerkman; Representative Brandtjen; Representative Heaton; Representative Neylon; Representative Duchow; Representative Johnson; Representative Billings; Representative Kahl; Representative Subeck||2/24/2016 10:00 AM - Public Hearing ; 2/10/2016 10:00 AM - Executive Session (Revised); 1/27/2016 10:00 AM - Public Hearing ; 1/13/2016 10:00 AM - Executive Session ; 1/6/2016 10:00 AM - Public Hearing ; 12/30/2015 10:00 AM - Public Hearing ; 12/9/2015 10:03 AM - Public Hearing ; 12/9/2015 10:02 AM - Public Hearing ; 12/9/2015 10:01 AM - Public Hearing ; 12/9/2015 10:00 AM - Executive Session ; 10/28/2015 10:01 AM - Public Hearing ; 10/28/2015 10:00 AM - Executive Session ; 10/21/2015 10:01 AM - Public Hearing (Cancelled); 10/21/2015 10:00 AM - Executive Session (Cancelled); 6/17/2015 10:00 AM - Executive Session ; 6/3/2015 1:01 PM - Public Hearing ; 6/3/2015 1:00 PM - Executive Session ; 5/6/2015 10:01 AM - Executive Session ; 5/6/2015 10:00 AM - Public Hearing (Revised); 2/25/2015 10:00 AM - Public Hearing ; 2/11/2015 11:01 AM - Executive Session ; 2/11/2015 11:00 AM - Public Hearing
Assembly Committee on Constitution and Ethics|Assembly|http://docs.legis.wisconsin.gov/document/committee/2015/1398|2015 Assembly Committee on Constitution and Ethics|||Representative Hutton; Representative Hutton||Jessica Karls-Ruplinger; Katie Bender-Olson|Representative Jagler; Representative Kremer; Representative Horlacher; Representative Kessler; Representative Wachs; Representative Goyke; Representative Jarchow||
Assembly Committee on Colleges and Universities|Assembly|http://docs.legis.wisconsin.gov/document/committee/2015/1397|2015 Assembly Committee on Colleges and Universities|Representative Murphy||Representative R. Brooks; Representative R. Brooks|Diane Handrick|Mary Matthias; Rachel Snyder|Representative Rohrkaste; Representative Quinn; Representative Rodriguez; Representative Petryk; Representative Ballweg; Representative Krug; Representative Tranel; Representative Macco; Representative Wachs; Representative Berceau; Representative Billings; Representative Hesselbein; Representative Jorgensen||2/4/2016 9:01 AM - Public Hearing ; 2/4/2016 9:00 AM - Executive Session ; 1/28/2016 9:01 AM - Public Hearing ; 1/28/2016 9:00 AM - Executive Session ; 1/21/2016 9:01 AM - Public Hearing (Revised); 1/21/2016 9:00 AM - Executive Session (Revised); 1/14/2016 9:02 AM - Executive Session ; 1/14/2016 9:01 AM - Public Hearing ; 1/14/2016 9:00 AM - Public Hearing ; 12/16/2015 1:01 PM - Public Hearing ; 12/16/2015 1:00 PM - Public Hearing ; 11/12/2015 9:30 AM - Public Hearing ; 10/29/2015 1:30 PM - Public Hearing ; 9/17/2015 10:30 AM - Public Hearing (Revised); 5/28/2015 10:30 AM - Public Hearing ; 3/12/2015 9:30 AM - Executive Session ; 3/10/2015 1:30 PM - Public Hearing
Assembly Committee on Aging and Long-Term Care|Assembly|http://docs.legis.wisconsin.gov/document/committee/2015/1393|2015 Assembly Committee on Aging and Long-Term Care|Representative Weatherston||Representative Quinn; Representative Quinn||Katie Bender-Olson; Rachel Letzing|Representative Petryk; Representative Nerison; Representative Bernier; Representative R. Brooks; Representative Meyers; Representative Sargent; Representative Brostoff||11/18/2015 10:00 AM - Public Hearing ; 9/9/2015 10:00 AM - Public Hearing ; 3/11/2015 10:00 AM - Public Hearing (Revised)
Assembly Committee on Agriculture|Assembly|http://docs.legis.wisconsin.gov/document/committee/2015/1394|2015 Assembly Committee on Agriculture|Representative Nerison||Representative Novak; Representative Novak|Sandra Smith-Loomans|Michael Queensland; Larry Konopacki|Representative Tauchen; Representative A. Ott; Representative Bernier; Representative Ripp; Representative Tranel; Representative E. Brooks; Representative Kitchens; Representative VanderMeer; Representative Danou; Representative Jorgensen; Representative Goyke; Representative Kessler; Representative Considine||2/10/2016 3:00 PM - Public Hearing ; 1/28/2016 10:00 AM - Executive Session ; 1/26/2016 10:01 AM - Public Hearing ; 1/26/2016 10:00 AM - Executive Session ; 1/13/2016 11:00 AM - Public Hearing
Assembly Committee on Campaigns and Elections|Assembly|http://docs.legis.wisconsin.gov/document/committee/2015/1395|2015 Assembly Committee on Campaigns and Elections|Representative Bernier||Representative Vorpagel; Representative Vorpagel|Chad Zuleger|Jessica Karls-Ruplinger; Margit Kelley|Representative Thiesfeldt; Representative Horlacher; Representative Craig; Representative Sanfelippo; Representative Berceau; Representative Zamarripa; Representative Kessler||4/1/2016 10:00 AM - Public Hearing ; 1/13/2016 10:01 AM - Executive Session ; 1/13/2016 10:00 AM - Public Hearing (Revised); 10/15/2015 1:00 PM - Executive Session (Revised); 10/13/2015 9:00 AM - Public Hearing ; 8/25/2015 10:01 AM - Executive Session ; 8/25/2015 10:00 AM - Public Hearing ; 5/19/2015 10:01 AM - Public Hearing ; 5/19/2015 10:00 AM - Executive Session ; 4/21/2015 10:00 AM - Public Hearing ; 3/24/2015 9:00 AM - Public Hearing (Revised)
Joint Survey Committee on Retirement Systems|Joint|http://docs.legis.wisconsin.gov/document/committee/2015/1391|2015 Joint Survey Committee on Retirement Systems||Senator Lasee; Representative Murphy||Robert Kovach; Diane Handrick|Dan Schmidt; Jessica Karls-Ruplinger|Senator Marklein; Senator Erpenbach; Representative Kuglitsch; Representative Mason;  Robert Conlin (Secretary, ETF);  Ted Nickel (Commissioner of Insurance);  Charlotte Gibson (Assistant Attorney General);  Timothy G. Pederson |Robert Conlin (Secretary, ETF); Ted Nickel (Commissioner of Insurance); Charlotte Gibson (Assistant Attorney General); Timothy G. Pederson |11/4/2015 10:30 AM - Public Hearing (Cancelled); 11/4/2015 10:30 AM - Executive Session (Revised)
Joint Survey Committee on Tax Exemptions|Joint|http://docs.legis.wisconsin.gov/document/committee/2015/1392|2015 Joint Survey Committee on Tax Exemptions||Representative August; Senator LeMahieu||Craig Summerfield; Luke Bacher|Scott Grosz; Zach Ramirez|Senator Tiffany; Senator Carpenter; Representative Swearingen; Representative Hesselbein;  Kimberly Shaul ;  Richard Chandler (Secretary);  Paul W. Connell |Kimberly Shaul ; Richard Chandler (Secretary); Paul W. Connell |1/27/2016 1:00 PM - Executive Session ; 10/22/2015 9:00 AM - Executive Session (Revised); 7/15/2015 11:00 AM - Executive Session ; 7/7/2015 9:30 AM - Executive Session (Cancelled); 6/17/2015 9:00 AM - Executive Session
Joint Review Committee on Criminal Penalties|Joint|http://docs.legis.wisconsin.gov/document/committee/2015/1388|2015 Joint Review Committee on Criminal Penalties||Representative Jacque; Senator Wanggaard||Valirie Maxim|Katie Bender-Olson; Michael Queensland|Senator L. Taylor; Representative Doyle||
Joint Committee on Legislative Organization|Joint|http://docs.legis.wisconsin.gov/document/committee/2015/1390|2015 Joint Committee on Legislative Organization||Senator Lazich; Representative Vos||Julie Learned|Terry Anderson|Senator S. Fitzgerald; Senator Vukmir; Senator Shilling; Senator Hansen; Representative Steineke; Representative Knodl; Representative Barca; Representative Shankland||
Joint Legislative Council|Joint|http://docs.legis.wisconsin.gov/document/committee/2015/1387|2015 Joint Legislative Council||Representative Ballweg; Senator Lazich|||Terry Anderson; Kelly Mautz|Senator Darling; Senator S. Fitzgerald; Senator Moulton; Senator Petrowski; Senator Wanggaard; Senator Shilling; Senator L. Taylor; Senator Risser; Senator Miller; Representative Vos; Representative Steineke; Representative August; Representative Nygren; Representative Murtha; Representative Knodl; Representative Mason; Representative Barca; Representative Shankland; Representative C. Taylor||3/18/2015 10:30 AM - Executive Session ; 2/11/2015 8:30 AM - Executive Session
Law Revision Committee|Joint|http://docs.legis.wisconsin.gov/document/committee/2015/1389|2015 Law Revision Committee||Representative J. Ott; Senator Wanggaard||Tracey Young|Michael Queensland; Katie Bender-Olson|Representative August; Representative Jarchow; Representative Riemer; Representative Hesselbein; Representative Wachs; Senator LeMahieu; Senator Risser; Senator L. Taylor||1/27/2016 10:30 AM - Executive Session ; 1/6/2016 9:30 AM - Executive Session ; 12/15/2015 9:30 AM - Executive Session
Joint Committee on Information Policy and Technology|Joint|http://docs.legis.wisconsin.gov/document/committee/2015/1385|2015 Joint Committee on Information Policy and Technology||Senator Harsdorf; Representative Petersen||Jim Bowers|Dan Schmidt; Brian Larson|Senator Cowles; Senator Roth; Senator Carpenter; Senator Vinehout; Representative Petryk; Representative Loudenbeck; Representative Barca; Representative Genrich||11/10/2015 11:00 AM - Public Hearing ; 6/16/2015 10:00 AM - Public Hearing
Joint Legislative Audit Committee|Joint|http://docs.legis.wisconsin.gov/document/committee/2015/1386|2015 Joint Legislative Audit Committee The Committee may direct the Audit Bureau to conduct audits, conduct hearings on reports, and introduce legislation related to Audit Bureau recommendations.||Senator Cowles; Representative Kerkman||Tami Rongstad; Jason Mugnaini|Anna Henning; Melissa Schmidt|Senator Darling; Senator Lazich; Senator Vinehout; Senator Bewley; Representative Macco; Representative Nygren; Representative Sargent; Representative Berceau||9/21/2016 12:00 PM - Public Hearing ; 10/15/2015 9:00 AM - Public Hearing (Revised); 9/9/2015 10:00 AM - Public Hearing (Revised); 9/2/2015 11:00 AM - Public Hearing ; 4/8/2015 1:10 PM - Executive Session ; 4/8/2015 1:00 PM - Public Hearing ; 1/22/2015 10:30 AM - Executive Session (Revised); 1/21/2015 10:05 AM - Public Hearing ; 1/21/2015 10:00 AM - Executive Session ; 1/14/2015 10:00 AM - Public Hearing
Joint Committee on Finance|Joint|http://docs.legis.wisconsin.gov/document/committee/2015/1384|2015 Joint Committee on Finance||Senator Darling; Representative Nygren|Representative Kooyenga; Senator Olsen; Representative Kooyenga; Senator Olsen|Joe Malkasian (608) 264-8314 - joe.malkasian@legis.wisconsin.gov||Senator Harsdorf; Senator Vukmir; Senator Tiffany; Senator Marklein; Senator L. Taylor; Senator Erpenbach; Representative Loudenbeck; Representative Knudson; Representative Schraa; Representative Czaja; Representative C. Taylor; Representative Hintz||6/13/2016 11:02 AM - Public Hearing ; 6/13/2016 11:00 AM - Executive Session (Revised); 2/10/2016 2:00 PM - Executive Session (Revised); 2/10/2016 11:00 AM - Executive Session ; 2/10/2016 10:59 AM - Public Hearing (Revised); 2/4/2016 12:01 PM - Executive Session ; 2/4/2016 12:00 PM - Public Hearing ; 11/4/2015 12:00 PM - Executive Session ; 11/4/2015 11:59 AM - Executive Session (Revised); 11/4/2015 11:58 AM - Public Hearing ; 10/15/2015 8:32 AM - Executive Session ; 10/15/2015 8:31 AM - Public Hearing ; 10/15/2015 8:30 AM - Executive Session ; 7/16/2015 11:00 AM - Executive Session (Revised); 7/6/2015 11:01 AM - Public Hearing ; 7/6/2015 11:00 AM - Executive Session ; 7/2/2015 10:00 AM - Executive Session ; 5/29/2015 10:00 AM - Executive Session ; 5/27/2015 10:00 AM - Executive Session ; 5/21/2015 10:00 AM - Executive Session (Revised); 5/19/2015 10:00 AM - Executive Session ; 5/14/2015 10:00 AM - Executive Session ; 5/12/2015 10:00 AM - Executive Session ; 5/7/2015 10:00 AM - Executive Session ; 5/5/2015 10:00 AM - Executive Session ; 4/22/2015 10:00 AM - Executive Session ; 4/17/2015 10:00 AM - Executive Session ; 4/15/2015 10:00 AM - Executive Session ; 3/26/2015 9:30 AM - Public Hearing ; 3/25/2015 1:00 PM - Executive Session ; 3/23/2015 10:00 AM - Public Hearing ; 3/20/2015 10:00 AM - Public Hearing ; 3/18/2015 10:00 AM - Public Hearing ; 3/4/2015 9:00 AM - Public Hearing ; 3/3/2015 9:00 AM - Public Hearing ; 3/2/2015 1:00 PM - Public Hearing ; 2/3/2015 8:15 PM - Executive Session
Joint Committee for Review of Administrative Rules|Joint|http://docs.legis.wisconsin.gov/document/committee/2015/1382|2015 Joint Committee for Review of Administrative Rules||Representative Ballweg; Senator Nass||Adam Field; Bethany Anderson|Scott Grosz; Jessica Karls-Ruplinger|Senator Lasee; Senator LeMahieu; Senator Miller; Senator Ringhand; Representative Knudson; Representative J. Ott; Representative Hebl; Representative Spreitzer||11/17/2016 11:01 AM - Executive Session ; 11/17/2016 11:00 AM - Public Hearing ; 10/4/2016 11:31 AM - Executive Session ; 10/4/2016 11:30 AM - Public Hearing ; 9/13/2016 10:01 AM - Executive Session ; 9/13/2016 10:00 AM - Public Hearing ; 8/3/2016 2:00 PM - Executive Session ; 6/2/2016 11:01 AM - Executive Session (Revised); 6/2/2016 11:00 AM - Public Hearing ; 3/31/2016 10:01 AM - Executive Session ; 3/31/2016 10:00 AM - Public Hearing ; 3/3/2016 2:31 PM - Executive Session ; 3/3/2016 2:30 PM - Public Hearing ; 1/27/2016 10:01 AM - Executive Session ; 1/27/2016 10:00 AM - Public Hearing ; 11/12/2015 2:00 PM - Executive Session ; 10/21/2015 11:31 AM - Executive Session ; 10/21/2015 11:30 AM - Public Hearing ; 10/8/2015 4:01 PM - Executive Session ; 10/8/2015 4:00 PM - Public Hearing ; 9/17/2015 10:01 AM - Executive Session ; 9/17/2015 10:00 AM - Public Hearing ; 7/29/2015 10:31 AM - Executive Session ; 7/29/2015 10:30 AM - Public Hearing (Revised); 6/23/2015 1:00 PM - Executive Session ; 5/27/2015 1:31 PM - Executive Session ; 5/27/2015 1:30 PM - Public Hearing ; 4/30/2015 10:05 AM - Executive Session (Revised); 4/30/2015 10:00 AM - Public Hearing (Revised); 4/9/2015 11:00 AM - Executive Session ; 3/11/2015 11:01 AM - Executive Session ; 3/11/2015 11:00 AM - Public Hearing ; 2/11/2015 11:05 AM - Executive Session ; 2/11/2015 11:00 AM - Public Hearing ; 1/13/2015 10:01 AM - Executive Session (Revised); 1/13/2015 10:00 AM - Public Hearing
Joint Committee on Employment Relations|Joint|http://docs.legis.wisconsin.gov/document/committee/2015/1383|2015 Joint Committee on Employment Relations||Senator Lazich; Representative Vos||Tracey Young|Jessica Karls-Ruplinger; Margit Kelley|Representative Steineke; Representative Nygren; Representative Barca; Senator S. Fitzgerald; Senator Darling; Senator Shilling||2/17/2016 12:30 PM - Public Hearing ; 2/17/2016 12:30 PM - Executive Session ; 9/15/2015 9:00 AM - Public Hearing ; 9/15/2015 9:00 AM - Executive Session ; 6/23/2015 2:00 PM - Public Hearing ; 6/23/2015 2:00 PM - Executive Session ; 3/19/2015 10:30 AM - Public Hearing ; 3/19/2015 10:30 AM - Executive Session
Study Committee on the Review of the Wisconsin Technical College System Funding and Governance|Joint|http://docs.legis.wisconsin.gov/2015/committees/joint/1387/020_march_18_2015_meeting/004_study_committee_on_the_review_of_wisconsin_technical_college_system_funding_and_governance_http_docs_legis_wisconsin_gov_misc_lc_study_2014_1193|||||||||
Special Committee on State-Tribal Relations|Joint|http://docs.legis.wisconsin.gov/2015/committees/joint/1387/020_march_18_2015_meeting/003_special_committee_on_state_tribal_relations_http_docs_legis_wisconsin_gov_misc_lc_study_2014_1198|||||||||
Study Committee on Transfer of Structured Settlement Payments|Joint|http://docs.legis.wisconsin.gov/2015/committees/joint/1387/020_march_18_2015_meeting/001_study_committee_on_transfer_of_structured_settlement_payments_http_docs_legis_wisconsin_gov_misc_lc_study_2014_1195|||||||||
Study Committee on the Review of Wisconsin Technical College System Funding and Governance|Joint|http://docs.legis.wisconsin.gov/2015/committees/joint/1387/020_march_18_2015_meeting/002_study_committee_on_review_of_criminal_penalties_http_docs_legis_wisconsin_gov_misc_lc_study_2014_1191|||||||||
Study Committee on the Review of Tax Incremental Financing|Joint|http://docs.legis.wisconsin.gov/2015/committees/joint/1387/010_february_11_2015_meeting/004_study_committee_on_the_review_of_tax_incremental_financing_http_docs_legis_wisconsin_gov_misc_lc_study_2014_1192|||||||||
Study Committee on Adoption Disruption and Dissolution|Joint|http://docs.legis.wisconsin.gov/2015/committees/joint/1387/010_february_11_2015_meeting/003_study_committee_on_adoption_disruption_and_dissolution_http_docs_legis_wisconsin_gov_misc_lc_study_2014_1189|||||||||
Study Committee on Problem-Solving Courts, Alternatives, and Diversions|Joint|http://docs.legis.wisconsin.gov/2015/committees/joint/1387/010_february_11_2015_meeting/002_study_committee_on_problem_solving_courts_alternatives_and_diversions_http_docs_legis_wisconsin_gov_misc_lc_study_2014_1190|||||||||
Study Committee on the Student Achievement in Education (SAGE) Program|Joint|http://docs.legis.wisconsin.gov/2015/committees/joint/1387/010_february_11_2015_meeting/001_study_committee_on_the_student_achievement_in_education_sage_program_http_docs_legis_wisconsin_gov_misc_lc_study_2014_1194|||||||||
University of Wisconsin Hospitals and Clinics Authority|Other|http://docs.legis.wisconsin.gov/document/committee/2015/1475|||||||2015 University of Wisconsin Hospitals and Clinics Authority; Representative Kooyenga||
Read to Lead Development Council|Other|http://docs.legis.wisconsin.gov/document/committee/2015/1477|||||||2015 Read to Lead Development Council; Senator Olsen; Senator C. Larson||
Sporting Heritage Council|Other|http://docs.legis.wisconsin.gov/document/committee/2015/1476|||||||2015 Sporting Heritage Council; Senator Tiffany; Senator Wirch; Representative Quinn||
Midwestern Higher Education Commission|Other|http://docs.legis.wisconsin.gov/document/committee/2015/1478|||||||2015 Midwestern Higher Education Commission; Senator Harsdorf; Representative Ballweg||
